Date,site,minair_mcera5,meanair_mcera5,maxair_mcera5,mcera5_prec,mcera5_prev_av_temp,mcera5_prev_av_prec
2020-12-26,Vivarp,-6.84567609438061,-1.81430834601107,2.51791969518959,3.33308721649075,NA,NA
2020-12-27,Vivarp,-0.461219895076657,2.01855939288255,2.79426369088159,3.5695970164416,NA,NA
2020-12-28,Vivarp,0.740313215736114,2.50594105878568,3.8735796466819,2.24765604324099,NA,NA
2020-12-29,Vivarp,0.569614116467846,2.52593882101821,4.32283401395266,3.09470284136172,NA,NA
2020-12-30,Vivarp,-1.48845428845366,1.87210414215073,3.68476812882338,3.92118987056874,NA,NA
2020-12-31,Vivarp,-1.56897019144668,1.73922766480482,3.89624770703829,6.12964620860908,1.42164701376522,3.23324659762076
2021-01-01,Vivarp,-0.316906320836741,1.112018284395,2.1652474650843,1.90657581721644,2.1323542159284,3.79255839604443
2021-01-02,Vivarp,-0.453215226999421,0.373025958449043,1.10751031342542,0.276423417050266,1.95104599423089,3.45995415619939
2021-01-03,Vivarp,-1.39795447771957,0.754424285438332,2.02746130333324,0.0551313674565106,1.52446297416356,3.06570763096125
2021-01-04,Vivarp,-1.84572690986748,-0.350269957801853,0.767846184082431,0.11851341855697,1.17016006704758,2.45779333618021
2021-01-05,Vivarp,0.227058545621937,0.501684474619613,0.923403858417903,0.0883544254346647,0.725685247057068,1.69725804577785
2021-01-06,Vivarp,-0.0842516561825623,0.419958805403317,0.806256769680771,5.86520117932042,0.478176609020027,0.488999689142971
2021-01-07,Vivarp,-0.512249462462505,0.193731701091258,0.759251721014715,2.25904801089963,0.33976471322169,1.28072476156377
2021-01-08,Vivarp,-0.170763853825239,0.525055163281493,1.11444044467579,1.47269206508179,0.303905861750133,1.67724968033364
2021-01-09,Vivarp,-1.75826625718873,-0.194800256830743,0.751985216976888,0.0316525886262644,0.258032037318766,1.9607618198587
2021-01-10,Vivarp,-2.06604431602683,-0.44581111487619,0.529255545678822,3.0864512718126,0.289125977512988,1.94338965387256
2021-01-11,Vivarp,-0.56124738799981,1.32864621239092,3.31420844815047,9.06561113660013,0.0996268596138271,2.54300902314814
2021-01-12,Vivarp,-2.60788060714504,0.110150281794206,2.88959944442414,3.62069042407599,0.281364341011348,3.18309101460409
2021-01-13,Vivarp,-2.3556414101771,-1.06812172038678,-0.0375243406454303,8.56832779506696,0.264648057151938,3.45541949723936
2021-01-14,Vivarp,-5.50456211821828,-2.14503361366869,-0.0936125871985546,0.0351469287186723,-0.0539873195817161,4.87454664323639
2021-01-15,Vivarp,-11.462699555078,-8.55851952259553,-4.91951209385796,0.0204508690691996,-0.444033990949305,4.87524551125487
2021-01-16,Vivarp,-12.168794980725,-8.01264193472507,-4.57303956968016,0.067439224256418,-2.06657567249317,4.26204543070619
2021-01-17,Vivarp,-5.97313853786588,-3.13620884109946,-1.49332860682275,0.316725688378348,-3.93483330191637,2.46241104823745
2021-01-18,Vivarp,-6.9765143041257,-3.16517879938064,-0.216384794376515,0.910007075830501,-4.58410512649511,1.80161810109792
2021-01-19,Vivarp,-0.0211165503108499,0.483964146305514,1.0646100167518,5.03569885333873,-5.00351654229388,0.269953957250628
2021-01-20,Vivarp,0.533413360735724,3.01903821634033,4.88059167772879,12.0392169115028,-4.47771699029904,1.27006434217464
2021-01-21,Vivarp,2.80448239961916,4.04002806927243,6.67934896458719,0.914630427421871,-2.16220544251187,3.67381755066136
2021-01-22,Vivarp,2.91209066277778,3.98190538801854,6.33017331373188,6.64863488677709,0.248328558287634,3.84325579129445
2021-01-23,Vivarp,0.238500182341089,1.91011162016404,3.97488196065273,0.039565653783053,1.67195140411124,5.1096376309742
2021-01-24,Vivarp,-0.226931101089749,0.51517358467306,2.10688617973762,0.362800529034846,2.68700948802017,4.93554934656471
2021-01-25,Vivarp,-1.05448131441672,0.0377259800725012,0.86007423802822,1.62475963748377,2.69325137569368,4.00096968170394
2021-01-26,Vivarp,-4.12026055795444,-1.66266296075534,-0.517770481898217,0.104476209268219,2.09698892844012,1.91807822690013
2021-01-27,Vivarp,-4.55705093088243,-1.03995953757784,0.671528358483714,4.26487944835383,0.956450722434559,1.7560473832694
2021-01-28,Vivarp,-6.38837388352812,-3.23273992880276,0.0483140637558198,2.63697049453487,-0.047922262684717,1.27929629558474
2021-01-29,Vivarp,-7.17196707382324,-4.63042952680655,-1.60328406742943,0.0835025682362845,-1.07649257247808,1.79877726373511
2021-01-30,Vivarp,-10.2701606825888,-6.11447024338751,-2.88591949802942,0.037371694578376,-2.105613194774,1.7429176715754
2021-01-31,Vivarp,-7.58538997372506,-3.56579156391169,-0.408580695205032,0.393126779545316,-3.336052439466,1.42544008299432
2021-06-25,Vivarp,12.6446059298983,16.4982688631073,19.7613178953499,0.46939896497393,-3.71667816009727,1.48317019704974
2021-06-26,Vivarp,11.9731410282215,17.1642593829326,21.4983539015377,0.519731608857877,-0.209032479960242,0.724074100373755
2021-06-27,Vivarp,12.4519539393071,16.9648641554305,21.3170278301881,0.25423014237132,3.87036738238682,0.300626323238357
2021-06-28,Vivarp,10.2234185670701,18.2270305707441,24.8812891047687,0.00287866474375389,8.18942611883424,0.334771838065364
2021-06-29,Vivarp,10.6702325549734,20.5639403713234,27.4973532205153,0.16000983677949,13.0577262816606,0.327873232098439
2021-06-30,Vivarp,15.4271649450637,16.8763420518932,17.9739073267295,12.6081663214971,17.8836726687076,0.281249843545274
2021-07-01,Vivarp,14.0151774787819,16.1254129161598,19.2853021268591,19.1930299803497,17.9592873064648,2.70900331484991
2021-07-02,Vivarp,15.8174357094991,19.060668186093,22.1246679249982,3.05542727448729,17.7515180131102,6.44366298914827
2021-07-03,Vivarp,13.6517897560111,19.3534700316869,24.9582355977267,10.9814291223298,18.1706788192427,7.00390241557147
2021-07-04,Vivarp,15.9621648830808,19.8777921209091,24.1435391453522,0.634861380453767,18.3959667114313,9.19961250708867
2021-07-05,Vivarp,15.4746448144052,19.9011502519541,24.6800486103391,12.4430494635578,18.2587370613484,9.29458281582352
2021-07-06,Vivarp,15.5514879600363,19.4819642667703,23.2906823771358,8.41027855768271,18.8636987013606,9.26155944423566
2021-07-07,Vivarp,11.7576054345479,17.7342057126535,20.8958714768372,0.189153047676285,19.5350089714827,7.10500915970226
2021-07-08,Vivarp,10.9479634900184,18.2600696885066,23.3583246053438,0.370678158135315,19.2697164767948,6.53175431434006
2021-07-09,Vivarp,14.1327110614202,18.8627231540564,22.725285709527,16.8582458964674,19.0510364081587,4.40960412150117
2021-07-10,Vivarp,15.3343260983222,17.2062217637231,19.0437558619827,12.8087952317623,18.8480226147882,7.6542810247039
2021-07-11,Vivarp,12.7989890756888,17.6825334789511,21.9795770284789,0.0178594968285133,18.309036917142,7.7274301783448
2021-07-12,Vivarp,12.2815028861642,19.7895932229822,25.2594054565492,0.0103288125942455,17.9491507595782,6.04894636617396
2021-07-13,Vivarp,16.1224047278604,21.6418362430666,26.3103249639578,0.392175832614861,18.3602282616439,6.01318151915755
2021-07-14,Vivarp,17.2036278834592,23.1238037343152,28.8886034016215,2.00127572584499,19.0365815725559,6.01748105405346
2021-07-15,Vivarp,16.9638071880275,23.2584904155963,28.028684189869,3.36719602728965,19.8887976886077,3.04608701992897
2021-07-16,Vivarp,17.8867507548032,23.4303709314198,29.5463815530007,1.89987402672682,21.0992514189823,1.15776717903445
2021-07-17,Vivarp,17.4674065105505,21.856048909524,26.4604009669757,0.111047820581286,22.248818909476,1.53417008501411
2021-07-18,Vivarp,13.2020868491043,17.6490144997265,20.1021453366274,0.00258650973518308,22.6621100467844,1.55431388661152
2021-07-19,Vivarp,11.6500494737233,17.6386014349755,22.8462301394113,0.1415304105107,21.8635456981164,1.47639602203558
2021-07-20,Vivarp,11.391308302881,16.6693336477669,20.1699414926272,0.0108499444112592,20.7665052382484,1.10444695896873
2021-07-21,Vivarp,12.1025249988186,17.4670177498308,22.3298635962817,1.02767717269872,19.4486738846825,0.433177742393048
2021-07-22,Vivarp,11.0983320575566,17.6001928781885,23.0372449871556,0.0023013004804231,18.2560032483647,0.25873837158743
2021-07-23,Vivarp,10.3766011743739,18.5365491958822,24.7097477190699,0.00974045953058565,17.4048320420976,0.236989067567257
2021-07-24,Vivarp,13.0568250519567,19.1140043570172,24.1050608862546,1.28538548994485,17.5823389813288,0.238419857526338
2021-07-25,Vivarp,13.4502830970797,19.7586454970969,24.452022352018,0.0487789971188973,17.8774195657371,0.467190873413168
2021-07-26,Vivarp,17.4055259632726,21.8104422862972,26.8852430748078,0.757447127714448,18.4952819356031,0.474776683954696
2021-07-27,Vivarp,15.3667077393197,20.1281127522448,25.4728554580235,10.7860336299458,19.3639668428964,0.420730674957841
2021-07-28,Vivarp,13.6403265187592,17.899752120997,22.3374248488945,3.48794053835392,19.8695508177077,2.57747714085091
2021-07-29,Vivarp,13.7153821069836,15.9738011244111,18.4348762996498,6.82214905626859,19.7421914027306,3.27311715661558
2021-07-30,Vivarp,14.0918177599024,16.7610738477107,19.916490331405,2.50064654514071,19.1141507562094,4.38046986988032
2021-07-31,Vivarp,13.4936934962409,16.1355411850491,19.5256923332271,6.0268684851318,18.5146364263322,4.87084337948469
2020-06-25,Siljan,13.8621607004483,22.8428668013585,28.8722812529045,0,NA,NA
2020-06-26,Siljan,13.9606568184586,22.430949880278,28.8925473849273,0,NA,NA
2020-06-27,Siljan,13.1323163335602,21.9263708908325,28.2160121328824,0.0268119072837115,NA,NA
2020-06-28,Siljan,14.2903768363275,18.9096219887624,24.446569300261,11.4075332429729,NA,NA
2020-06-29,Siljan,10.7586024545964,16.7234712580404,20.4532757387149,6.91305089967111,NA,NA
2020-06-30,Siljan,9.2515665900259,14.4503119770224,17.9302319288409,5.03634245357254,20.5666561638544,3.66947920998555
2020-07-01,Siljan,7.95116090678078,12.861615087981,17.7509655308267,1.38615589342257,18.8881451989871,4.67674770070006
2020-07-02,Siljan,7.57802050030873,10.8602861550423,13.3181688239651,7.82813585683425,16.9742782405277,4.95397887938457
2020-07-03,Siljan,5.34323509934636,12.0315370037426,16.586636359857,3.53829958497736,14.7610612933697,6.51424366929468
2020-07-04,Siljan,8.25617205670862,12.5450052980111,18.7556482450294,7.99471597958014,13.3854442963657,4.94039693769556
2020-07-05,Siljan,8.26738192993082,12.4170728614175,15.0390701250862,18.0838687213139,12.5497511043599,5.15672995367737
2020-07-06,Siljan,9.68366186335373,11.2132153885957,12.5030844308346,6.94033325667881,12.1431032812389,7.76623520722564
2020-07-07,Siljan,7.11129493789818,10.987543779712,15.7740666064001,6.25560723274834,11.8134233413618,8.87707067987689
2020-07-08,Siljan,6.86357819275689,10.3078074621953,14.5603014736272,12.2789223591612,11.8388748662958,8.56256495505971
2020-07-09,Siljan,6.06796725076643,12.2606547663745,16.5389022768912,0.48720585421747,11.4941289579863,10.3106895098965
2020-07-10,Siljan,5.55552046756424,12.3008941574503,16.6677459113123,1.08422481252646,11.437258851659,8.80918748482395
2020-07-11,Siljan,8.0144329344908,12.6982976865057,17.006340097916,3.58094560723436,11.4140231108656,5.40925870306646
2020-07-12,Siljan,7.37454573168838,12.6840157115716,17.1625450064198,3.58922331404761,11.7110395704476,4.73738117317757
2020-07-13,Siljan,7.15687520780786,12.8497983939182,17.2374889091474,0.0992033892281973,12.0503339568195,4.20410438943743
2020-07-14,Siljan,9.40497038901317,13.1546492812839,16.212625489812,2.8956747621568,12.5587321431641,1.76816059545082
2020-07-15,Siljan,11.8481850255412,13.8695008501705,15.4773289785841,11.3640636471968,12.737531046146,2.24985437703868
2020-07-16,Siljan,12.0083311953414,16.1500819232251,20.8861498686457,1.35690130212779,13.05125238469,4.30582214397275
2020-07-17,Siljan,10.1090264026867,17.119128458961,21.9023781062302,0.418224339642668,13.7416092320339,3.86101328295144
2020-07-18,Siljan,14.2895990268222,16.4144100312712,18.7575449054046,2.06841214639185,14.6286317815118,3.22681348807045
2020-07-19,Siljan,14.1894429956388,16.914732738505,20.1200668532332,2.34963226006029,15.3415541089824,3.62065523950318
2020-07-20,Siljan,11.1140833984018,14.9984483556048,17.9788488669176,14.3450355158696,16.0935708004266,3.51144673908388
2020-07-21,Siljan,8.24585557060511,13.1413802792737,16.9228268066413,0.17899427681404,16.3193603015134,4.10764111281844
2020-07-22,Siljan,6.40283250793539,11.7051050342197,15.9187033243803,0.375687629174042,15.7176199727232,3.87205970775569
2020-07-23,Siljan,5.63222442344831,11.9512571550121,16.3855585572059,0.00779677625877969,14.6348152877749,3.86355236566197
2020-07-24,Siljan,6.86267072179115,11.2859610303241,14.4478479588239,0.15044712568001,13.7421847125231,3.45142929163535
2020-07-25,Siljan,7.19605997579023,13.2421956502193,18.9373439242648,0.0760681237711421,12.6164303708869,3.0115922647593
2020-07-26,Siljan,7.88580879621472,15.5553239791707,20.985694587956,1.47261103943792,12.2651798298098,0.157798786339602
2020-07-27,Siljan,10.8149815366125,16.2025005710088,20.2430992386598,4.48823108640153,12.7479685697892,0.416522138864378
2020-07-28,Siljan,10.3646255122599,13.9156019923985,16.8835139142143,13.2941807868924,13.647447677147,1.23903083030988
2020-07-29,Siljan,10.1772707946535,13.2110651892983,16.063077454294,2.49410985270191,14.0403166446243,3.89630763243659
2020-07-30,Siljan,8.29251439318984,14.1664488400946,18.0175725814028,5.40764238138408,14.4253374764191,4.36504017784097
2020-07-31,Siljan,11.671739059139,16.3036191287696,21.0265384260841,0.935436764407942,14.6101881143942,5.43135502936356
2021-01-01,Siljan,-0.756609185985483,-0.0377403732090242,0.496490911545564,1.39011478644877,14.759847144314,5.32392017435757
2021-01-02,Siljan,-1.94051209382298,-0.689784598121991,-0.041325586006799,3.16045141210061,11.5117989554704,4.70429691436701
2021-01-03,Siljan,-8.83075434032238,-6.22215494105156,-1.79888447803842,0.0304966017824758,8.59072163736629,2.67755103940866
2021-01-04,Siljan,-9.77990961466163,-7.65684541316136,-6.00862147968809,0.21156201395847,4.70407761129632,2.18482838922477
2021-01-05,Siljan,-14.3890774625611,-9.6913529952153,-7.09220727777141,0.203278111814868,0.339418760645131,1.14561231573965
2021-01-06,Siljan,-16.6634018450916,-12.4824128164836,-6.63825098903845,0.422896766907942,-4.85957566415185,0.999180585221037
2021-01-07,Siljan,-7.28755322842915,-5.80480596804749,-5.02367911201351,0.813108628364872,-7.34851015280677,0.805736981312872
2021-01-08,Siljan,-5.23367903319457,-4.42551362674415,-3.54836849295289,0.94060432564595,-8.37151442679187,0.336268424565725
2021-01-09,Siljan,-7.48416407105633,-5.03392789018485,-2.69476621655277,0.503507973777044,-8.01218616393039,0.51828996933842
2021-01-10,Siljan,-14.9767081664891,-5.47187284882801,-0.224562206041148,2.38574049414825,-7.48760265933508,0.576679161302135
2021-01-11,Siljan,-15.0959374353088,-8.08900951365517,-3.19376736118949,6.49244250594077,-6.64370663005762,1.01317163776881
2021-01-12,Siljan,-12.2231176344373,-9.79546101330644,-6.54212284218714,0.688162380173904,-5.76502596949194,2.22708078557538
2021-01-13,Siljan,-9.8391151702967,-6.56768181757202,-3.69346165033213,1.2364197375418,-6.56315697854373,2.20209153593718
2021-01-14,Siljan,-17.3341468986914,-11.2650567588911,-8.49386195227158,0.158722975969959,-6.9915906167093,2.26125461831635
2021-01-15,Siljan,-17.8584659991909,-13.6861137812886,-10.0092727186174,4.16333634234434e-14,-8.23781639045054,2.19229761875494
2021-01-16,Siljan,-11.779445398028,-10.4707737740698,-8.28044114070418,0.0841327394395759,-9.88066457694266,1.71514951992529
2021-01-17,Siljan,-11.0085464046209,-7.29635757806814,-4.76817554174588,0.192623226580544,-10.3570174290256,0.433487566625056
2021-01-18,Siljan,-5.57545130523285,-4.97018443564827,-4.29173661655981,0.197793383261689,-9.85719674197793,0.334379735906384
2021-01-19,Siljan,-5.26956811751472,-3.02111072839736,-1.31260730933692,1.55276373135256,-9.53769726559318,0.126654465050362
2021-01-20,Siljan,-1.48675491452375,-1.19313642576988,-0.914933832748143,8.88915767486091,-7.88890805949444,0.405462616126881
2021-01-21,Siljan,-1.54326399060648,0.435673866362507,2.04745241706642,11.9233279235306,-5.39031258839069,2.18329415109905
2021-01-22,Siljan,0.148844546548258,1.11849869578971,2.31598445029732,7.73129209857748,-3.20902306030423,4.55113318791726
2021-01-23,Siljan,-2.26209733782074,0.361769181880173,1.7379791120077,1.83839254751565,-1.52605180553266,6.05886696231664
2021-01-24,Siljan,-5.67676967053998,-2.65286497474137,-0.566871261840046,0.045115608232111,-0.459661082026971,6.38698679516744
2021-01-25,Siljan,-7.43996464735802,-6.25183046629131,-5.13004062930763,0.25854045442714,-0.386011931295773,6.08545717054335
2021-01-26,Siljan,-15.5743445357094,-10.3430009313572,-7.10929139696421,0.00997107989185529,-1.39775073940006,4.35933372645659
2021-01-27,Siljan,-17.7356309676101,-13.6659701381363,-10.3410675093051,0.320046411161819,-3.55348569894399,1.97666235772885
2021-01-28,Siljan,-17.1095652961707,-12.7511239813953,-10.2467087922912,0.279442152960873,-6.5103794657292,0.494413220245714
2021-01-29,Siljan,-18.4703526613268,-17.1042583265439,-14.3344492045658,0.0841134499118893,-9.13295809838429,0.182623141334759
2021-01-30,Siljan,-20.761289373703,-16.247451146856,-12.085209483387,0.048238096614577,-12.0232367687448,0.190422709670715
2021-01-31,Siljan,-18.0099049274785,-13.9194701420709,-9.58982231570016,0.0212420900816841,-14.0223609048577,0.148362238108202
2020-01-01,Sandsjo,-2.72120140758078,2.83390177501232,5.49918491557156,1.51041053822871,NA,NA
2020-01-02,Sandsjo,3.23701121132434,3.95158997956367,5.16255578250268,0.0652648903941732,NA,NA
2020-01-03,Sandsjo,-2.4403324964787,1.02208281409701,3.88330559115318,0.0122737138515949,NA,NA
2020-01-04,Sandsjo,-6.88792789346155,-2.0638247090794,0.329086664216941,0.453842737921583,NA,NA
2020-01-05,Sandsjo,-12.0251502667948,-8.22276768164988,-3.91434049303018,1.8920733745339,NA,NA
2020-01-06,Sandsjo,-5.618696825452,-0.640978446263637,2.31440993438968,0.485851538113224,-0.495803564411255,0.786773050985993
2020-01-07,Sandsjo,-1.39191278835809,0.0797987089956716,2.12157133088502,0.436900288081173,-1.19077960866645,0.581861250962895
2020-01-08,Sandsjo,0.605907689306129,2.50449405982835,4.14095175290256,2.55649742842037,-1.96513786278005,0.656188330500295
2020-01-09,Sandsjo,-2.59123963863876,-0.211463553057018,1.35539121230198,0.000692715463726525,-1.66865561363378,1.16503307341405
2020-01-10,Sandsjo,-6.15868732700575,-4.61216336713155,-2.72778679463902,0.214031937822972,-1.2981833824293,1.07440306892248
2020-01-11,Sandsjo,-7.92976946593085,-2.72451858487422,1.90428721000664,0.419904596669707,-0.576062519525636,0.738794781580292
2020-01-12,Sandsjo,-3.17221576340974,-0.110781720577026,2.21650878949467,0.0397687282382058,-0.992770547247752,0.725605393291589
2020-01-13,Sandsjo,-5.19072685186052,-2.99021853651224,-0.979692284334043,0.0760308339642756,-1.03088663316229,0.646179081322996
2020-01-14,Sandsjo,-6.07686730083843,-1.673107814715,1.29083980670137,3.62719585687944,-2.12982915243041,0.150085762431777
2020-01-15,Sandsjo,-3.91360743133049,-1.81831329523699,-0.288247557179385,4.72181994188493,-2.42215800476201,0.87538639071492
2020-01-16,Sandsjo,-10.6681425038591,-7.06300139310174,-0.801085061872366,0.540699913366689,-1.86338799038309,1.77694399152731
2020-01-17,Sandsjo,-5.64334930138857,-2.96679920534898,-0.185396730965818,0.718732257455888,-2.7310845520286,1.80110305486671
2020-01-18,Sandsjo,-7.02242455247198,-6.3422792434961,-5.74883747910086,9.50939659018536,-3.30228804898299,1.93689576071024
2020-01-19,Sandsjo,-9.92874698898425,-7.84074370966057,-2.43814048964252,0.0973993933716814,-3.97270019037976,3.82356891195446
2020-01-20,Sandsjo,-2.62626404643667,2.81052563799736,7.25609421022261,1.14018893369691,-5.20622736936887,3.11760961925291
2020-01-21,Sandsjo,-1.05167476227477,1.26000982961843,5.87174334930569,0.0505761715476995,-4.280459582722,2.40128341761531
2020-01-22,Sandsjo,-5.12247102552353,-2.0302601320355,0.0228759509285995,0.525330306936915,-2.61585733817797,2.30325866925151
2020-01-23,Sandsjo,-4.43559839663214,-1.02968837381341,2.24862292419106,5.08657102684901,-2.42854952351528,2.26457827914771
2020-01-24,Sandsjo,-3.11534371235711,-1.20406582715928,0.323517797090653,0.118939457397182,-1.36603134957874,1.38001316648044
2020-01-25,Sandsjo,-6.43065487069807,-4.70255432912569,-3.15625076892879,0.768229283343152,-0.038695773078482,1.38432117928554
2020-01-26,Sandsjo,-9.2946353856915,-7.33570908698942,-4.17002647155275,7.11178016023978,-1.54131176650309,1.30992924921479
2020-01-27,Sandsjo,-7.6919188126823,-6.93469700905513,-5.93053973401079,6.54820383989672,-3.26045554982466,2.72217004695321
2020-01-28,Sandsjo,-7.19315514876703,-4.53287280124776,-3.70537944030288,5.41912139716568,-4.24134292522858,3.92674475354517
2020-01-29,Sandsjo,-7.51790977179519,-6.06820413696932,-3.8650402850226,3.13324893602102,-4.94197981071545,3.9932548276085
2020-01-30,Sandsjo,-3.81749739916475,-2.74165959239522,-1.8270697954323,6.11207401021974,-5.91480747267746,4.59611672333327
2020-01-31,Sandsjo,-2.11305721224896,-1.23430605710985,-0.366321189751188,5.06719004599804,-5.52262852533137,5.66488566870859
2020-06-25,Sandsjo,13.7439801211432,23.147611959146,30.4460592715306,0.369393605692927,-4.30234791935546,5.25596764586024
2020-06-26,Sandsjo,15.6123153927233,21.7735096886547,27.2704539973828,0.907067017766641,1.71411387428476,4.02020559901948
2020-06-27,Sandsjo,10.7601145888415,16.4076690845767,18.6644982388505,0.900173828873598,6.97539037226526,3.11779472313967
2020-06-28,Sandsjo,9.44223194529249,15.2102947386803,19.5106887887428,1.23158671411206,11.4705650165745,2.67117970171019
2020-06-29,Sandsjo,10.3758678195222,15.4568261625883,20.436234098893,5.63904628000205,15.0609558827896,1.69508224248865
2020-06-30,Sandsjo,11.4467920780987,16.4453696591485,21.7199730770853,0.339221774037845,18.3991823267292,1.80945348928945
2020-07-01,Sandsjo,6.10077314868739,12.1373394821398,15.9669518589135,0.361957155522414,17.0587338667297,1.80341912295844
2020-07-02,Sandsjo,4.44939211849723,11.3787319145716,16.5375698550223,4.24794304349036,15.1314998254267,1.69439715050959
2020-07-03,Sandsjo,5.68943825778423,7.93306230439376,11.1737155971571,9.19905593172574,14.1257123914257,2.36395099343295
2020-07-04,Sandsjo,5.28416220607202,8.7685848537285,12.7412164964803,18.0028269685738,12.6702659045684,3.95744483695568
2020-07-05,Sandsjo,5.43899106160424,11.8495565855781,17.4687260608968,0.0971893257494747,11.3326176427964,6.43020097467004
2020-07-06,Sandsjo,8.26305222595407,9.65046645988956,11.2442511127047,16.5197819092256,10.4134550280823,6.38179448501237
2020-07-07,Sandsjo,8.46134384700637,11.7904700868418,15.3992070385258,6.10170444434578,9.91608042363231,9.613359435753
2020-07-08,Sandsjo,8.55398365620893,12.0762871982727,16.0293463621601,8.89864688194162,9.99842805808636,9.98411171592408
2020-07-09,Sandsjo,8.11316109336174,11.6279186046053,14.77732799423,11.2827310026606,10.8270730368621,9.92402990596726
2020-07-10,Sandsjo,6.80421255441977,11.7590402151117,15.5075738764485,4.94782502287485,11.3989397870375,8.58001071278461
2020-07-11,Sandsjo,5.32781797655201,12.05968687277,17.1145654250425,7.59746712927987,11.3808365129442,9.55013785220968
2020-07-12,Sandsjo,6.47661269713508,12.5614727835573,16.7664127039961,1.15834326850585,11.8626805955203,7.76567489622054
2020-07-13,Sandsjo,8.0008933571401,11.4869138098311,14.5507939815275,5.6170949489142,12.0168811348634,6.77700266105255
2020-07-14,Sandsjo,6.69985050103226,12.9261652256031,17.4894473165316,0.35375715838758,11.8990064571751,6.12069227444707
2020-07-15,Sandsjo,6.96978428089285,12.5019725784488,15.8430744474438,3.43558852905139,12.1586557813746,3.93489750559247
2020-07-16,Sandsjo,8.81391795167852,15.832571601722,20.6372335900023,0.163338673524448,12.3072422540421,3.63245020682778
2020-07-17,Sandsjo,9.53630412642332,17.8433829672143,22.6605967711917,0.760898073073903,13.0618191998325,2.14562451567669
2020-07-18,Sandsjo,14.1444020238629,17.9879769662039,20.7818920576483,0.463112937651324,14.1182012365639,2.0661354765903
2020-07-19,Sandsjo,13.6523284799809,18.1710963035824,21.9351066604251,0.352229318703322,15.4184138678384,1.03533907433773
2020-07-20,Sandsjo,12.6183326821143,16.7490503666816,20.191507574943,6.41611264366447,16.4674000834343,1.03503350640088
2020-07-21,Sandsjo,9.28032502591679,12.9938465463031,14.9883110799777,8.57213100880604,17.3168156410808,1.63113832932349
2020-07-22,Sandsjo,8.93354308485199,11.8407344874363,13.6171973489756,0.455650183527898,16.7490706299971,3.31289679637981
2020-07-23,Sandsjo,8.6491770097798,10.6454477140305,13.0350279196477,24.5580967956533,15.5485409340415,3.25184721847061
2020-07-24,Sandsjo,9.688904176773,11.8284711937585,14.2524781914952,4.35572883484361,14.0800350836068,8.07084399007101
2020-07-25,Sandsjo,8.55710696246773,11.7608963204404,15.1876304511113,10.7313477303497,12.811510061642,8.87154389329907
2020-07-26,Sandsjo,6.75575478191721,14.3819685458763,19.5036967659408,0.532547683291645,11.8138792523938,9.73459091063611
2020-07-27,Sandsjo,10.5303146787685,15.3492811015565,18.9984702665934,1.51327656337224,12.0915036523084,8.12667424553323
2020-07-28,Sandsjo,13.7327470370232,16.017538966266,19.136080045227,1.30896065248917,12.7932129751324,8.3381995215021
2020-07-29,Sandsjo,13.5619083914958,15.7613234887176,18.4773478008774,10.6590446918454,13.8676312255795,3.68837229286927
2020-07-30,Sandsjo,13.3767144355096,14.2480245499864,15.8991712030361,14.1357926637472,14.6542016845714,4.94903546426963
2020-07-31,Sandsjo,9.20592068914405,16.7031588916567,21.3234807327918,0.419821868216093,15.1516273304806,5.62992445094914
2020-06-25,Hochwald,15.2875973278444,21.0064649474179,26.1965313879054,0,NA,NA
2020-06-26,Hochwald,14.9000809714226,20.3315957885912,27.4833027996357,2.51430420035313,NA,NA
2020-06-27,Hochwald,16.4167212008757,20.1570771667856,24.7058278704913,5.36344322662601,NA,NA
2020-06-28,Hochwald,12.8143737190735,16.7666034088488,19.2130264276581,1.41797993122136,NA,NA
2020-06-29,Hochwald,12.0264351523123,15.7157450391905,19.9678932396225,1.78519015092145,NA,NA
2020-06-30,Hochwald,10.5130688669069,15.5093512880912,19.3663283466885,0.795579273593653,18.7954972701668,2.21618350182439
2020-07-01,Hochwald,13.9456940948726,18.8866955646728,23.5847977315953,1.00389151101617,17.6960745383015,2.37529935654312
2020-07-02,Hochwald,13.4438602507738,17.2254218300966,20.3507945132893,1.37894914480196,17.4070944935178,2.07321681867573
2020-07-03,Hochwald,10.5065954736851,15.8843992693326,20.3880712475197,0.0878567446873566,16.82076342618,1.27631800231092
2020-07-04,Hochwald,10.769579019501,17.8394106334834,22.3749727017562,0,16.6443225982767,1.01029336500412
2020-07-05,Hochwald,18.0129680206348,20.1805691757178,23.336222214655,1.43893765061873,17.0690557171353,0.653255334819828
2020-07-06,Hochwald,9.69428461369569,14.2424294362577,17.4559939716918,0.914431428665524,18.0032992946606,0.781927010224843
2020-07-07,Hochwald,7.32040960015958,14.4611471868701,19.5996444325223,0.0851231253334138,17.0744460689776,0.764034993754714
2020-07-08,Hochwald,11.5436834798251,15.638865322879,18.8729272690888,0.451024902771358,16.5215911403323,0.505269789861004
2020-07-09,Hochwald,14.8498538522604,20.6650978374668,26.5511730913812,0.0931347486164193,16.4724843510416,0.577903421477804
2020-07-10,Hochwald,14.0528917372451,17.8284080874309,19.3978474952659,0.523652530981258,17.0376217918383,0.596530371201088
2020-07-11,Hochwald,10.5470707418988,15.2276147532202,19.2738304428335,0.0557858645659265,16.5671895741809,0.413473347273594
2020-07-12,Hochwald,9.4287284157307,16.5491206080456,22.2488877844984,0.00612444097878276,16.7642266375734,0.241744234453675
2020-07-13,Hochwald,11.7164242246278,18.6383406366966,24.5419128124846,0,17.1818213218085,0.225944497582749
2020-07-14,Hochwald,11.516728283925,18.0626105295642,23.9140138652962,1.56395043069157,17.781716384572,0.135739517028477
2020-07-15,Hochwald,13.2039449773929,15.9433833449535,19.7157309980273,3.71717214912434,17.2612189229915,0.429902653443506
2020-07-16,Hochwald,13.4348791889093,14.2095748345422,15.3753149929063,4.17570845429525,16.884213974496,1.06860657707212
2020-07-17,Hochwald,13.3541612740416,16.9678295008053,21.395747753555,1.35396111852556,16.6806059907604,1.89259109501799
2020-07-18,Hochwald,13.288040266057,18.827236350454,23.6802295749447,0.263418245004698,16.7643477693123,2.16215843052734
2020-07-19,Hochwald,13.9438993835422,20.9341577936242,26.8344640846516,0,16.8021269120638,2.21484207952828
2020-07-20,Hochwald,14.7940856965459,18.9537300136407,23.4513027506786,0.496579596104376,17.3764363648758,1.90205199338997
2020-07-21,Hochwald,11.7284141824,17.4161311420192,23.1181726321898,0,17.9785056986133,1.25793348278598
2020-07-22,Hochwald,10.5671026991951,18.1125363008045,24.5925994492861,0,18.6198169601087,0.422791791926927
2020-07-23,Hochwald,11.7141610321937,18.6860273460454,24.3965377687392,0,18.8487583201085,0.151999568221815
2020-07-24,Hochwald,15.3587890342424,19.2449975606634,23.484360844571,0.0123325653737108,18.8205165192268,0.0993159192208749
2020-07-25,Hochwald,13.6101512216858,19.8088102176167,24.7922394701754,0.549000122350416,18.4826844726347,0.101782432295617
2020-07-26,Hochwald,15.0363190211115,18.5039613708148,22.3543848073411,7.08982356932958,18.6537005134299,0.112266537544825
2020-07-27,Hochwald,12.074917431939,21.601664364407,28.8867781204282,0.0862456295561476,18.871266559189,1.53023125141074
2020-07-28,Hochwald,14.4855533389681,20.1482021642438,23.3273028958945,0.161647244484729,19.5690921719095,1.54748037732197
2020-07-29,Hochwald,9.07619738341999,17.1868435116303,23.7723925177914,0,19.8615271355492,1.57980982621892
2020-07-30,Hochwald,12.3402530770347,21.0351085481827,28.9071110710619,0,19.4498963257425,1.57734331314417
2020-07-31,Hochwald,15.846767651659,25.0416177385823,33.5955893765755,0,19.6951559918557,1.46754328867409
2020-12-26,Hochwald,-0.500256156791429,0.0371902464335011,1.00045287409645,0.275083289741177,21.0026872654092,0.049578574808175
2020-12-27,Hochwald,-0.425861930853499,1.07503372748307,2.89437476207284,10.6245472793923,16.6897924418145,0.087346106845181
2020-12-28,Hochwald,0.542704118908637,1.87340763800482,3.01862030950413,7.59746997730971,12.8751587544624,2.1799261138267
2020-12-29,Hochwald,0.798057640377979,1.39289352500182,2.38536253639257,5.48521328889005,9.81247157973729,3.69942010928865
2020-12-30,Hochwald,1.01320699915466,1.82997864277933,2.69801357218299,2.35862932791626,5.88402857510111,4.79646276706666
2020-12-31,Hochwald,-0.357667119299492,0.630811835362759,1.18647413071516,8.13204106987876,1.24170075594051,5.26818863264991
2021-01-01,Hochwald,-0.45729395031315,0.682137101308062,1.42010512441911,1.03306240699009,1.36042507372636,6.83958018867743
2021-01-02,Hochwald,-1.49629158459051,-0.444558526990909,0.752273847226111,0.134084850898406,1.28184574849136,4.92128321419697
2021-01-03,Hochwald,-0.428409669357434,-0.00515214112952642,0.507063222794378,2.55744228992544,0.818252515492212,3.42860618891471
2021-01-04,Hochwald,-0.312035245557282,-0.0804078614782489,0.13561782698747,0.836322417004282,0.538643382265944,2.84305198912179
2021-01-05,Hochwald,-0.212584018114837,0.266335429803867,0.962229829216647,0.775349556613556,0.156566081414428,2.5385906069394
2021-01-06,Hochwald,-0.452564610817559,0.378230636935948,1.06072503787934,1.3472142844422,0.0836708003026499,1.06725230428636
2021-01-07,Hochwald,-1.83464858742255,-0.645062698600621,0.0553974878718056,0.877953246342634,0.0228895074282271,1.13008267977678
2021-01-08,Hochwald,-1.32341855608228,-0.666720958524748,-0.139388606023616,2.61857524358404,-0.0172113268937153,1.27885635886562
2021-01-09,Hochwald,-4.08064528492652,-1.59818239333486,0.647870080347355,0.199557109882607,-0.14952509037276,1.29108294959734
2021-01-10,Hochwald,-5.59241809414051,-3.44640639502919,-0.0566513474076939,0.0473577499208617,-0.453079996744081,1.16372988817301
2021-01-11,Hochwald,-9.09314487713021,-3.74083241788079,-0.450348860018759,0.218681457086464,-1.19562836171069,1.01813152683447
2021-01-12,Hochwald,-0.493592242395052,0.866133013533088,2.91556442946115,13.0358490660053,-2.01944097267404,0.79242496136332
2021-01-13,Hochwald,-1.53969719908872,0.440162517170773,2.28428500578699,1.29674973507298,-1.7172018302473,3.22400412529586
2021-01-14,Hochwald,-1.46646408652918,-0.508941478073661,1.32248732445016,5.78274109326765,-1.49582513510819,2.95963902359365
2021-01-15,Hochwald,-4.69548827519354,-1.96720860608432,-0.0797328207746587,0.126726417550789,-1.27797695205595,4.07627582027066
2021-01-16,Hochwald,-5.59835690810783,-4.29995717990986,-3.11872882160831,2.96621204414839,-0.98213739426698,4.09214955379664
2021-01-17,Hochwald,-3.42931602139573,-0.712072409633551,1.93217588875708,3.23087927828974,-1.0939623466728,4.64165567120903
2021-01-18,Hochwald,0.554723930086745,1.31863679789074,1.98814768167438,1.07374468281819,-1.40960343130612,2.68066171366591
2021-01-19,Hochwald,0.667761724440262,1.23850767178132,1.69912634822925,3.68409416829792,-1.23390857516213,2.63606070321495
2021-01-20,Hochwald,0.774317220876174,4.94334879782905,8.49786982898716,0.0123574420897806,-0.884418745191134,2.216331318221
2021-01-21,Hochwald,5.96424735098677,7.59832033562441,9.47395957541741,8.33509714499551,0.497692735591539,2.1934575231288
2021-01-22,Hochwald,1.18867034422901,3.72574762623071,7.99098571388175,10.569491526127,2.87734823869839,3.26723454329823
2021-01-23,Hochwald,0.842679746267581,1.75023706941946,3.11844999180534,4.82463455067882,3.76491224587124,4.73495699286567
2021-01-24,Hochwald,-0.815923081333405,-0.139740717974462,0.944240417030798,3.11240421208514,3.85123230017699,5.4851349664378
2021-01-25,Hochwald,-3.04152305333067,-0.810800089683439,0.668235657549016,2.42608406487946,3.57558262222583,5.37079697519524
2021-01-26,Hochwald,-1.77400897250675,-0.0744772982411455,1.21421652211885,0.151417073518229,2.42475284472334,5.85354229975318
2021-01-27,Hochwald,-1.58395245096402,-0.3542966618838,0.794553649715598,4.71684570215294,0.890193317950225,4.21680628545772
2021-01-28,Hochwald,0.867234337860557,5.77252976956005,9.53205449734649,14.3211241452196,0.0741844603273237,3.04627712066292
2021-01-29,Hochwald,5.92899293568649,7.3189125468506,8.43548980105842,11.2312103012318,0.878643000355442,4.94557503957107
2021-01-30,Hochwald,-0.754323070661603,3.46878584083174,5.80442489001514,14.2620779374012,2.37037365332045,6.5693362574004
2021-01-31,Hochwald,-1.49022801316079,-0.4833218900212,0.700442152286865,2.78936033030328,3.22629083942349,8.93653503190474
2020-06-25,Arville,15.1614501178432,21.5794984414785,26.8926076878299,0,NA,NA
2020-06-26,Arville,16.6949725904978,21.0962274596702,26.9604256885922,3.87437598887238,NA,NA
2020-06-27,Arville,17.3462272073991,19.8086015000175,22.8358334080508,1.6255245868688,NA,NA
2020-06-28,Arville,13.547454843163,16.3956003496609,18.8215758436982,1.38981925323673,NA,NA
2020-06-29,Arville,11.3662589302502,14.9360186152896,18.3319638156016,2.29803128184325,NA,NA
2020-06-30,Arville,10.5594404158046,15.5488064557586,19.2532012100912,0.0313871691509202,18.7631892732234,1.83755022216423
2020-07-01,Arville,15.0509886993507,17.0743441033048,19.8995115939551,9.37387945867875,17.5570508760794,1.84382765599441
2020-07-02,Arville,11.4113289911685,15.1436453579696,17.892331543451,5.06719885434397,16.7526742048063,2.94372834995569
2020-07-03,Arville,9.39127841393151,14.468589836634,19.3841200600169,0.601912052847184,15.8196829763967,3.63206320345072
2020-07-04,Arville,11.9852146089535,16.3597716324737,20.0844783193601,0.628344709186142,15.4342808737913,3.47448176337282
2020-07-05,Arville,13.0610309901529,18.0710872532291,20.436269601378,1.60441499344473,15.7190314772281,3.14054444884139
2020-07-06,Arville,9.87087026031694,13.3937328985713,16.8982839045678,0.846471520425082,16.2234876367222,3.45515001370016
2020-07-07,Arville,8.67925311398375,14.5371914104587,18.9484555751784,0.642495911080537,15.4873653957755,1.74966842604942
2020-07-08,Arville,11.0478795753831,14.088946163492,16.4123612049418,5.40624290684662,15.3660746062734,0.864727837396735
2020-07-09,Arville,14.8405710652735,19.3370425455581,23.9791428576817,0.24638415983722,15.290145871645,1.82559400819662
2020-07-10,Arville,10.8603598545402,15.4062030283967,17.3429947992315,1.51521613806239,15.8856000542618,1.74920189832684
2020-07-11,Arville,7.11599677171742,13.3783563205033,18.1913359640994,0.403840008961177,15.3526232092953,1.73136212725037
2020-07-12,Arville,7.86362513573627,14.924761435134,20.1808479378539,0.00673192194052661,15.3495478936818,1.64283582495759
2020-07-13,Arville,9.26120826444926,17.0135650227655,22.856163812829,0.00266017599154041,15.4270618986168,1.51568302712959
2020-07-14,Arville,11.5229216454574,15.6761254719222,20.2689333753207,1.63641183620384,16.0119856704715,0.43496648095857
2020-07-15,Arville,12.0146038650927,14.9464601721666,17.85055291403,0.521810040523857,15.2798022557443,0.712972016231894
2020-07-16,Arville,12.8342440941231,13.7041409099152,14.5905055461128,4.74288362887624,15.1878536844983,0.514290796724189
2020-07-17,Arville,12.449219340017,15.4917674860442,19.0272188573162,0.208640971959337,15.2530106023807,1.3820995207072
2020-07-18,Arville,10.8812015153309,18.6579417226049,24.2850689473919,0.0323704369009756,15.3664118125628,1.42248133071096
2020-07-19,Arville,13.0750330261479,19.4808559900557,25.4054962507315,0,15.6952871525306,1.42842338289285
2020-07-20,Arville,12.3324554845368,16.4865406528703,20.3667065558669,0.13498445917233,16.4562332561573,1.10114101565208
2020-07-21,Arville,8.78416604913521,15.1216135128737,20.7070843877012,0,16.7642493522981,1.02377589938178
2020-07-22,Arville,8.82525912720738,15.593364960567,21.1090621291434,3.5494897452432e-05,17.0477438728898,0.0751991736065286
2020-07-23,Arville,9.30398937569812,17.8788103274814,24.0613863209447,0,17.0680633677943,0.0334780781941518
2020-07-24,Arville,13.7826538019805,17.5513993709797,21.411455788387,0.679057367922313,16.9122370887696,0.0270039908139566
2020-07-25,Arville,13.0096158659436,18.87437237641,23.8359760519812,4.51562834460349,16.5263457649544,0.162815464398419
2020-07-26,Arville,14.3297245144075,17.518152267932,20.7408755119802,5.80703006825918,17.0039121096624,1.03894424148465
2020-07-27,Arville,12.6839247534477,20.8482413801405,28.1545235702509,0.325447353409935,17.483219860674,2.20035025513649
2020-07-28,Arville,11.8959542263018,17.8993938738184,21.0514733751811,0.306741118154916,18.5341951445887,2.26543262683898
2020-07-29,Arville,8.29035949935121,15.8038704315762,22.2840236874101,0.0560077346081447,18.5383118538561,2.32678085046997
2020-07-30,Arville,10.8607553035686,20.2712115661652,28.2482573330195,0,18.1888060659754,2.20217092380713
2020-07-31,Arville,16.4779395078913,26.5040473533721,35.0674973072066,0,18.4681739039265,1.29904525488644
2020-12-26,Arville,-0.214482281405073,1.0549449231915,2.25676497791997,1.19848675600891,20.2653529210145,0.137639241234599
2020-12-27,Arville,0.905103538909697,1.49793288273629,2.05637049161104,19.7402293710661,16.3066936296247,0.312247121754393
2020-12-28,Arville,0.529201726568421,1.45190690791048,2.15414764039215,3.82312470142622,13.0264014314083,4.19894477233663
2020-12-29,Arville,-0.613521635473714,0.993320312680134,2.01406170104009,2.51991416836637,10.1560087266751,4.95236816570025
2020-12-30,Arville,1.03263633892283,1.73299192836521,2.4519133404911,1.83308159819497,6.30043047597809,5.45635099937352
2020-12-31,Arville,0.0270197228082477,0.609455958035668,1.34007024279481,10.5301465757923,1.34621939097672,5.82296731901251
2021-01-01,Arville,-1.78449246938318,-0.381562075646202,1.16527873899319,0.383042584578642,1.25712159794556,7.68929928296919
2021-01-02,Arville,-2.7241114259058,-1.11587719948435,0.462158440770793,0.142268295523062,0.881222606269059,3.8178619256717
2021-01-03,Arville,-0.257440206843029,0.310116479928619,0.679589558315532,0.785991693034901,0.367665784790093,3.08169064449107
2021-01-04,Arville,-0.67021237667117,0.029872989766398,0.597576422437918,1.00369416717663,0.23102501823979,2.73490614942478
2021-01-05,Arville,-0.27107594088116,0.260838132458852,1.05548764577317,0.186901726033668,-0.109598769479972,2.56902866322111
2021-01-06,Arville,-0.303831680553492,0.424979631158225,1.37991394008017,1.06901397325797,-0.179322334595336,0.50037969326938
2021-01-07,Arville,-1.58314037236295,-0.400176211646939,0.702793694995253,2.37694543741178,-0.0180139932344502,0.637573971005245
2021-01-08,Arville,-2.0806916101906,-0.357915729711325,0.558727281296081,1.50759619054696,0.125126204333032,1.08450939938299
2021-01-09,Arville,-3.53682013309302,-1.45844980747824,-0.0334815489828452,0.0368057908688664,-0.00848023759495653,1.2288302988854
2021-01-10,Arville,-4.74848383349977,-1.33445439660428,1.321596776284,0.102441935436594,-0.306144797043885,1.03545262362385
2021-01-11,Arville,-4.75885688598272,-1.33032543646423,1.48843464732455,0.650852765755585,-0.625203302856512,1.01856066550443
2021-01-12,Arville,0.127519942981382,2.76690667943723,5.00225988394412,17.626013838836,-0.976264316381003,0.934928424003957
2021-01-13,Arville,-0.841504290858753,1.06781923197683,3.2051492895474,3.61701895448428,-0.34284773816417,3.9847421042888
2021-01-14,Arville,-1.26339893598802,-0.216122210070643,1.25847542671661,14.1724956558344,-0.0577007458265394,4.40662665707626
2021-01-15,Arville,-4.19441827423389,-2.67877945959781,-1.11766808081361,0.187733372235119,0.190764773654981,7.23376463006937
2021-01-16,Arville,-5.25008139586103,-3.24886506566188,-2.46633237319133,5.47843515732906,-0.0781002389437236,7.25082291742907
2021-01-17,Arville,-2.62886992597846,0.644860882765536,2.38825042583333,3.62837743945536,-0.461808164783254,8.21633939574377
2021-01-18,Arville,0.351395297811875,1.69742526658662,2.6861284356543,1.14811128982041,-0.886217324117591,5.41681211586764
2021-01-19,Arville,1.43853166604034,2.36306335281032,3.10048750566833,5.13819079850368,-0.760296117195633,4.92303058293487
2021-01-20,Arville,2.66947848674287,6.02887651183781,8.78390290351663,0.274977378834209,-0.24445900461944,3.11616961146872
2021-01-21,Arville,3.64549859772473,6.53647340412679,9.3771930002808,13.399436274846,1.49707218966768,3.13361841278854
2021-01-22,Arville,0.0566876701471119,2.77932111948843,7.04183732692917,5.87425115241912,3.45413988362542,4.71781863629193
2021-01-23,Arville,-0.183725943255447,1.67534716984702,3.20880722828357,9.80076293500974,3.88103193097,5.16699337888469
2021-01-24,Arville,-1.66414002089214,-0.633945546203345,0.470992378551857,3.27139981124128,3.87661631162208,6.89752370792255
2021-01-25,Arville,-1.83270477103382,-0.449371808401414,0.267169764589172,1.23990033158062,3.27721453181935,6.52416551047007
2021-01-26,Arville,-1.75386481017382,-0.0762795396374943,2.13108288428314,0.101524330685487,1.9815648677715,6.71715010101936
2021-01-27,Arville,-0.732277366399418,0.732395076423797,2.76244137031766,5.96473954869293,0.659014279018643,4.05756771218725
2021-01-28,Arville,3.03208948617216,6.90404927691248,9.64166694852962,15.7143371701997,0.249629070405715,4.07566539144201
2021-01-29,Arville,5.96490490296624,7.42683048661118,9.33002720998314,12.5644335447058,1.29536949181881,5.25838023848001
2021-01-30,Arville,1.12267263178176,3.97323859238444,5.94133708746971,12.919294427368,2.90752469838171,7.11698698517292
2021-01-31,Arville,-0.21413291656614,0.667989212732285,2.34228819315485,1.77641667882835,3.79204677853888,9.45286580433039
